{
    "metadata": {
        "name": "Truyện CV IO",
        "author": "Yangio-Thắng vibe",
        "version": 1,
        "source": "https://truyencv.io",
        "regexp": "truyencv.io/truyen/[^/]+/?$",
        "description": "Đọc truyện trên Truyện CV IO bản mới nhất",
        "locale": "vi_VN",
        "type": "novel",
        "language": "javascript"
    },
    "script": {
        "home": "home.js",
        "genre": "genre.js",
        "detail": "detail.js",
        "search": "search.js",
        "toc": "toc.js",
        "chap": "chap.js"
    }
}