{
  "metadata": {
    "name": "Tiệm Truyện Chữ",
    "author": "Yangio-Thắng vibe",
    "version": 5,
    "source": "https://www.tiemtruyenchu.com",
    "regexp": "(www.)?tiemtruyenchu.com/truyen/[^/]+/?$",
    "description": "Đọc truyện trên Tiệm Truyện Chữ",
    "locale": "vi_VN",
    "type": "novel",
    "language": "javascript"
  },
  "script": {
    "home": "home.js",
    "genre": "genre.js",
    "detail": "detail.js",
    "search": "search.js",
    "toc": "toc.js",
    "chap": "chap.js"
  }
}